{"_default": {}, "fav": {"15": {"id": "jiro", "fav_id": "taro"}, "16": {"id": "jiro", "fav_id": "jiro"}, "22": {"id": "sabu", "fav_id": "siro"}, "38": {"id": "sabu", "fav_id": "taro"}, "39": {"id": "sabu", "fav_id": "goro"}, "42": {"id": "taro", "fav_id": "jiro"}, "43": {"id": "taro", "fav_id": "sabu"}, "44": {"id": "taro", "fav_id": "siro"}, "45": {"id": "taro", "fav_id": "muro"}, "46": {"id": "taro", "fav_id": "taro"}, "47": {"id": "taro", "fav_id": "goro"}}, "text": {"1": {"id": "jiro", "text": "\u6625\u304c\u6765\u305f\r\n\u304b\u3048\u308b\u3082\u6ce3\u304f\u3088\r\n\u6c60\u306e\u5074", "time": 1581091698.7167811}, "2": {"id": "jiro", "text": "\u304b\u3048\u308b\u3055\u3093\r\n\u6c60\u306b\u3066\u4eca\u65e5\u3082\r\n\u306a\u304f\u65e5\u3005\u3088", "time": 1581092682.0981839}, "3": {"id": "jiro", "text": "aaa", "time": 1581092743.669108}, "4": {"id": "jiro", "text": "<b>\u304a\u30fc\u3044</b>\r\n\u3042\u3042\u3042\u3042\r\n\u3044\u308d\u3044\u308d\u3060", "time": 1581128261.924575}, "5": {"id": "taro", "text": "\u51ac\u304c\u6765\u305f\r\n\u3000\u3084\u3070\u3044\u305e\u5bd2\u3044\u3068\r\n\u732b\u3082\u306a\u304f", "time": 1581130500.896428}, "6": {"id": "taro", "text": "\u6d77\u306b\u6765\u305f\r\n\u3000\u6ce2\u6253\u3061\u969b\u3067\r\n\u3000\u3000\u663c\u5bdd\u3057\u305f", "time": 1581130534.2869408}, "7": {"id": "sabu", "text": "\u9ce5\u306e\u58f0\r\n\u3000\u6a39\u306e\u4e0b\u6dbc\u3080\r\n\u3000\u3000\u590f\u6563\u6b69", "time": 1581131330.9644969}, "8": {"id": "taro", "text": "\u5f85\u3061\u4eba\u3082\r\n\u3000\u5c11\u3057\u9045\u308c\u308b\r\n\u3000\u3000\u6625\u306e\u7a7a", "time": 1581137657.264885}, "9": {"id": "sabu", "text": "\u65b0\u7dd1\u3067\r\n\u3000\u3042\u3081\u7389\u98df\u3079\u3066\r\n\u3000\u3000\u5bdd\u8ee2\u3093\u3060", "time": 1581137778.825313}, "10": {"id": "goro", "text": "\u3000\u3000\u6d74\u8863\u6765\u3066\r\n\u3000\u82b1\u706b\u306b\u898b\u5165\u308b\r\n\u590f\u306e\u591c\r\n", "time": 1581159755.760719}, "11": {"id": "sabu", "text": "\u6625\u7720\u3082\r\n\u3000\u3000\u7de0\u3081\u5207\u308a\u8fd1\u3057\r\n\u3000\u7b46\u7f6e\u304b\u305a", "time": 1581181860.3861802}, "12": {"id": "jiro", "text": "\u685c\u54b2\u304d\r\n\u3000\u88cf\u5ead\u306e\u5bb4\r\n\u3000\u3000\u8cd1\u3084\u304b\u306a", "time": 1581186265.9742599}, "13": {"id": "sabu", "text": "\u96ea\u7a4d\u3082\u308b\r\n\u3000\u99c5\u524d\u30d3\u30eb\u304c\r\n\u3000\u3000\u767d\u304f\u306a\u308b", "time": 1582248452.298648}, "14": {"id": "taro", "text": "\u590f\u3059\u304e\u3066\r\n\u3000\u6cf3\u3050\u30d7\u30fc\u30eb\u306f\r\n\u3000\u3000\u808c\u5bd2\u3044", "time": 1582270703.023259}}}